City_ID,City,Country,Date,Lat,Lng,Max Temp,Humidity,Cloudiness,Wind Speed
0,Kaz,RU,2022-07-28 21:49:20,52.9113,87.3105,55.22,72,93,3.71
1,Kodiak,US,2022-07-28 21:49:20,57.79,-152.4072,62.11,55,0,5.75
2,San Jose De Rio Tinto,HN,2022-07-28 21:49:21,14.9333,-85.7,94.57,58,89,4.79
3,Rikitea,PF,2022-07-28 21:46:48,-23.1203,-134.9692,73.47,72,76,21.59
4,Arraial Do Cabo,BR,2022-07-28 21:49:22,-22.9661,-42.0278,75.06,60,0,8.05
5,Belis,RO,2022-07-28 21:49:22,46.65,23.0333,62.55,60,84,2.26
6,Qaanaaq,GL,2022-07-28 21:48:01,77.484,-69.3632,41.47,67,13,3.13
7,Busselton,AU,2022-07-28 21:47:59,-33.65,115.3333,58.51,71,100,15.7
8,Mataura,NZ,2022-07-28 21:46:31,-46.1927,168.8643,47.48,96,85,2.66
9,Arman,RU,2022-07-28 21:49:23,59.7,150.1667,53.02,96,100,4.47
10,Albany,US,2022-07-28 21:45:03,42.6001,-73.9662,88.36,70,72,10.98
11,Molo,KE,2022-07-28 21:49:24,-0.2479,35.7374,51.15,95,93,0.56
12,Trincomalee,LK,2022-07-28 21:49:24,8.5711,81.2335,79.3,83,100,3.44
13,Touros,BR,2022-07-28 21:49:25,-5.1989,-35.4608,76.37,81,6,13.0
14,Luderitz,NA,2022-07-28 21:49:25,-26.6481,15.1594,53.55,88,62,1.54
15,Provideniya,RU,2022-07-28 21:46:45,64.3833,-173.3,48.36,93,100,2.24
16,Clyde River,CA,2022-07-28 21:49:26,70.4692,-68.5914,39.43,93,100,10.36
17,Necochea,AR,2022-07-28 21:49:26,-38.5473,-58.7368,47.88,82,100,18.5
18,Talnakh,RU,2022-07-28 21:49:27,69.4865,88.3972,52.21,72,0,7.45
19,Saldanha,ZA,2022-07-28 21:49:27,-33.0117,17.9442,57.25,80,39,14.56
20,Jiuquan,CN,2022-07-28 21:49:28,39.7432,98.5174,75.43,15,2,9.95
21,Odweyne,SO,2022-07-28 21:49:28,9.4092,45.064,74.14,47,2,16.62
22,Nianzishan,CN,2022-07-28 21:49:29,47.5167,122.8833,67.42,95,100,2.64
23,Ushuaia,AR,2022-07-28 21:46:40,-54.8,-68.3,44.26,70,75,25.32
24,Carnarvon,AU,2022-07-28 21:46:41,-24.8667,113.6333,69.42,56,100,2.1
25,Arlit,NE,2022-07-28 21:49:30,18.7369,7.3853,89.62,45,100,17.85
26,Longyearbyen,SJ,2022-07-28 21:46:42,78.2186,15.6401,40.84,87,75,16.11
27,Mitsamiouli,KM,2022-07-28 21:49:31,-11.3847,43.2844,75.74,74,32,8.08
28,Cockburn Town,TC,2022-07-28 21:48:13,21.4612,-71.1419,81.43,74,2,19.19
29,Farafangana,MG,2022-07-28 21:49:31,-22.8167,47.8333,66.87,86,43,2.15
30,Kemi,FI,2022-07-28 21:49:32,65.8596,24.8228,53.37,82,0,9.22
31,Hermanus,ZA,2022-07-28 21:46:43,-34.4187,19.2345,57.33,77,22,12.17
32,Rapid Valley,US,2022-07-28 21:49:32,44.0625,-103.1463,81.59,31,0,11.01
33,Luena,AO,2022-07-28 21:49:33,-11.7833,19.9167,58.39,35,100,3.06
34,Dzilam Gonzalez,MX,2022-07-28 21:49:33,21.2833,-88.9333,87.12,64,57,10.38
35,Tabas,IR,2022-07-28 21:49:34,33.5959,56.9244,92.34,21,15,3.33
36,Bonoua,CI,2022-07-28 21:49:34,5.2741,-3.595,76.62,81,64,8.08
37,Hambantota,LK,2022-07-28 21:49:35,6.1241,81.1185,77.05,91,100,5.39
38,Kavaratti,IN,2022-07-28 21:49:35,10.5669,72.642,81.01,82,100,18.01
39,Aksarka,RU,2022-07-28 21:49:36,66.5606,67.7975,59.97,70,59,7.56
40,Bud,US,2022-07-28 21:49:36,39.447,-86.1758,87.78,60,75,4.45
41,Ambilobe,MG,2022-07-28 21:49:37,-13.2,49.05,64.76,89,35,3.2
42,Kapaa,US,2022-07-28 21:47:57,22.0752,-159.319,82.38,77,75,10.36
43,Port Macquarie,AU,2022-07-28 21:47:08,-31.4333,152.9167,45.9,66,97,6.02
44,Dingle,PH,2022-07-28 21:49:37,10.9995,122.6711,77.81,90,100,7.2
45,Pacific Grove,US,2022-07-28 21:43:16,36.6177,-121.9166,82.38,84,20,13.8
46,Aracati,BR,2022-07-28 21:49:38,-4.5617,-37.7697,78.8,80,39,13.06
47,Bluff,NZ,2022-07-28 21:46:28,-46.6,168.3333,47.8,74,85,12.3
48,Punta Arenas,CL,2022-07-28 21:46:38,-53.15,-70.9167,41.11,87,40,27.63
49,Hirara,JP,2022-07-28 21:50:39,24.8,125.2833,80.87,89,20,4.61
50,Shimoda,JP,2022-07-28 21:50:40,34.6667,138.95,86.11,83,61,2.91
51,Hithadhoo,MV,2022-07-28 21:50:40,-0.6,73.0833,82.04,73,93,13.96
52,Ponta Do Sol,PT,2022-07-28 21:50:40,32.6667,-17.1,74.71,83,1,2.39
53,Dixon,US,2022-07-28 21:50:41,38.4455,-121.8233,100.71,34,0,5.75
54,Wuwei,CN,2022-07-28 21:50:41,37.9281,102.6414,69.01,28,73,4.97
55,Mehamn,NO,2022-07-28 21:50:42,71.0357,27.8492,48.15,93,75,3.44
56,Sisimiut,GL,2022-07-28 21:50:42,66.9395,-53.6735,44.15,77,99,4.79
57,Jaru,BR,2022-07-28 21:49:33,-10.4389,-62.4664,83.82,32,2,2.57
58,Yellowknife,CA,2022-07-28 21:44:37,62.456,-114.3525,66.72,59,75,12.66
59,Bethel,US,2022-07-28 21:50:43,41.3712,-73.414,86.52,77,100,6.98
60,Yaan,NG,2022-07-28 21:50:44,7.3833,8.5667,70.68,97,100,7.49
61,Georgetown,MY,2022-07-28 21:47:24,5.4112,100.3354,80.53,88,20,4.61
62,Lebu,CL,2022-07-28 21:47:56,-37.6167,-73.65,49.96,84,0,16.53
63,Porto Walter,BR,2022-07-28 21:50:45,-8.2686,-72.7439,85.19,56,11,0.78
64,Coihaique,CL,2022-07-28 21:50:08,-45.5752,-72.0662,44.55,65,75,5.75
65,San Quintin,MX,2022-07-28 21:50:46,30.4833,-115.95,74.39,65,11,13.76
66,Broken Hill,AU,2022-07-28 21:48:00,-31.95,141.4333,44.94,52,100,6.6
67,Geraldton,AU,2022-07-28 21:50:46,-28.7667,114.6,59.41,88,100,10.36
68,Severo-Kurilsk,RU,2022-07-28 21:50:47,50.6789,156.125,54.18,90,100,9.75
69,Bengkulu,ID,2022-07-28 21:48:00,-3.8004,102.2655,75.07,89,93,5.55
70,Airai,TL,2022-07-28 21:47:42,-8.9266,125.4092,50.49,69,81,3.94
71,Agboville,CI,2022-07-28 21:50:48,5.928,-4.2132,71.06,91,63,3.06
72,Narsaq,GL,2022-07-28 21:50:48,60.9167,-46.05,48.49,63,32,4.25
73,Kruisfontein,ZA,2022-07-28 21:50:49,-34.0033,24.7314,59.4,60,0,8.88
74,Leshukonskoye,RU,2022-07-28 21:50:49,64.8989,45.7622,62.74,97,86,0.36
75,Vaini,TO,2022-07-28 21:46:51,-21.2,-175.2,78.96,89,40,10.36
76,Butaritari,KI,2022-07-28 21:46:35,3.0707,172.7902,81.88,72,37,15.97
77,Tuatapere,NZ,2022-07-28 21:48:02,-46.1333,167.6833,42.3,88,91,3.31
78,Nador,MA,2022-07-28 21:50:50,35.174,-2.9287,79.05,73,0,3.44
79,Maragogi,BR,2022-07-28 21:50:51,-9.0122,-35.2225,74.21,85,14,4.23
80,Baglung,NP,2022-07-28 21:50:51,28.2719,83.5898,70.29,93,100,1.72
81,Dikson,RU,2022-07-28 21:50:52,73.5069,80.5464,43.25,100,100,15.88
82,Hofn,IS,2022-07-28 21:46:53,64.2539,-15.2082,51.64,92,100,1.83
83,Takaungu,KE,2022-07-28 21:50:52,-3.6837,39.8566,73.06,85,14,10.47
84,Mikkeli,FI,2022-07-28 21:50:53,61.6886,27.2723,59.11,82,0,3.44
85,Esperance,AU,2022-07-28 21:46:39,-33.8667,121.9,56.84,85,37,12.91
86,Tabou,CI,2022-07-28 21:50:53,4.423,-7.3528,74.55,78,94,8.88
87,Castro,BR,2022-07-28 21:46:39,-24.7911,-50.0119,62.69,61,100,5.59
88,Muromtsevo,RU,2022-07-28 21:50:54,56.3724,75.2418,58.66,86,81,9.15
89,Chicama,PE,2022-07-28 21:50:55,-7.8447,-79.1469,61.34,67,67,8.95
90,Avarua,CK,2022-07-28 21:50:55,-21.2078,-159.775,78.85,78,20,21.85
91,Acapulco,MX,2022-07-28 21:48:35,16.8634,-99.8901,84.78,65,67,3.27
92,Bambous Virieux,MU,2022-07-28 21:50:56,-20.3428,57.7575,68.25,83,40,6.91
93,Vytegra,RU,2022-07-28 21:50:56,61.0064,36.4481,57.76,94,100,6.06
94,Jamsa,FI,2022-07-28 21:50:57,61.8642,25.19,56.12,95,39,6.4
95,Rongcheng,CN,2022-07-28 21:50:57,30.634,117.8517,77.04,94,100,0.25
96,Auki,SB,2022-07-28 21:51:58,-8.7676,160.7034,81.64,73,48,4.12
97,Sangar,RU,2022-07-28 21:51:58,63.9242,127.4739,72.12,65,5,0.6
98,Medea,DZ,2022-07-28 21:51:59,36.2642,2.7539,75.58,54,0,4.45
99,Constitucion,CL,2022-07-28 21:51:59,-35.3333,-72.4167,54.59,70,0,9.31
100,Cayenne,GF,2022-07-28 21:52:00,4.9333,-52.3333,83.08,1,0,0.0
101,Port Elizabeth,ZA,2022-07-28 21:46:42,-33.918,25.5701,61.32,87,0,5.75
102,Nishihara,JP,2022-07-28 21:52:01,26.1842,127.7558,81.68,86,75,8.05
103,Bredasdorp,ZA,2022-07-28 21:47:58,-34.5322,20.0403,52.02,78,0,9.51
104,Petropavlovka,RU,2022-07-28 21:52:01,50.6114,105.3196,51.35,88,27,2.3
105,Valentin Gomez Farias,MX,2022-07-28 21:52:02,28.2167,-106.5833,81.9,34,96,11.83
106,Mocoa,CO,2022-07-28 21:50:01,1.1493,-76.6466,75.7,85,66,2.21
107,Svirstroy,RU,2022-07-28 21:52:03,60.7999,33.7248,53.26,97,87,3.27
108,Mar Del Plata,AR,2022-07-28 21:51:21,-38.0023,-57.5575,49.08,97,100,17.0
109,Trinidad,BO,2022-07-28 21:52:03,-14.8333,-64.9,91.38,38,20,6.91
110,Jaque,PA,2022-07-28 21:52:04,7.5175,-78.1703,75.99,91,100,1.43
111,Trelew,AR,2022-07-28 21:52:04,-43.249,-65.3051,49.28,56,5,20.67
112,Barrow,US,2022-07-28 21:52:05,71.2906,-156.7887,33.78,96,100,12.26
113,Pahalgam,IN,2022-07-28 21:52:05,34.0333,75.3333,61.36,97,100,1.57
114,Aktau,KZ,2022-07-28 21:52:06,43.65,51.2,72.18,71,0,10.85
115,Ilulissat,GL,2022-07-28 21:52:06,69.2167,-51.1,45.28,63,84,8.79
116,Port Alfred,ZA,2022-07-28 21:52:07,-33.5906,26.891,68.18,61,1,1.99
117,Sawakin,SD,2022-07-28 21:52:07,19.1059,37.3321,92.3,51,36,10.16
118,Karla,EE,2022-07-28 21:52:08,59.3723,24.9275,60.76,67,0,9.22
119,Jamestown,US,2022-07-28 21:49:25,42.097,-79.2353,81.01,41,20,17.27
120,Nuuk,GL,2022-07-28 21:50:24,64.1835,-51.7216,42.64,84,59,6.96
121,Padang,ID,2022-07-28 21:52:09,-0.9492,100.3543,78.01,85,100,4.59
122,Honolulu,US,2022-07-28 21:51:20,21.3069,-157.8583,85.82,56,40,11.5
123,Kaeo,NZ,2022-07-28 21:52:10,-35.1,173.7833,56.32,96,32,7.65
124,Bontang,ID,2022-07-28 21:52:10,0.1333,117.5,75.11,89,80,4.09
125,Mackay,AU,2022-07-28 21:47:28,-21.15,149.2,56.68,79,91,10.25
126,Lavrentiya,RU,2022-07-28 21:52:11,65.5833,-171.0,44.91,87,99,4.9
127,Bang Rakam,TH,2022-07-28 21:50:20,16.7585,100.1174,80.42,78,78,5.17
128,Kalabo,ZM,2022-07-28 21:52:12,-14.97,22.6814,56.12,40,11,5.64
129,Bilibino,RU,2022-07-28 21:52:12,68.0546,166.4372,55.29,46,12,10.94
130,Cape Town,ZA,2022-07-28 21:46:30,-33.9258,18.4232,58.87,84,75,18.41
131,Vilhena,BR,2022-07-28 21:52:13,-12.7406,-60.1458,86.22,28,0,9.22
132,Pak Phanang,TH,2022-07-28 21:52:14,8.3511,100.202,78.48,88,55,3.31
133,Bandar-E Lengeh,IR,2022-07-28 21:52:14,26.5579,54.8807,89.71,66,0,9.22
134,Puerto Ayora,EC,2022-07-28 21:46:36,-0.7393,-90.3518,78.76,91,72,11.01
135,Ekibastuz,KZ,2022-07-28 21:52:15,51.6667,75.3667,67.82,69,20,7.74
136,Fairbanks,US,2022-07-28 21:52:15,64.8378,-147.7164,62.22,59,100,6.91
137,Cherskiy,RU,2022-07-28 21:46:44,68.75,161.3,58.03,43,6,2.46
138,Cabo San Lucas,MX,2022-07-28 21:50:53,22.8909,-109.9124,94.6,68,25,5.01
139,Dumai,ID,2022-07-28 21:52:16,1.6833,101.45,75.76,96,100,2.44
140,Denizli,TR,2022-07-28 21:53:17,37.8402,29.0698,79.68,36,0,2.15
141,New Norfolk,AU,2022-07-28 21:46:36,-42.7826,147.0587,42.3,83,13,3.36
142,Manta,EC,2022-07-28 21:53:17,-0.95,-80.7333,76.78,78,20,10.36
143,Sioux Lookout,CA,2022-07-28 21:53:18,50.1001,-91.917,64.47,68,75,14.97
144,Eyl,SO,2022-07-28 21:53:18,7.9803,49.8164,76.15,78,66,21.12
145,Saedinenie,BG,2022-07-28 21:53:19,42.2667,24.55,76.98,47,40,9.22
146,Nelson Bay,AU,2022-07-28 21:53:19,-32.7167,152.15,53.01,86,66,11.01
147,Deputatskiy,RU,2022-07-28 21:53:20,69.3,139.9,50.36,56,100,4.88
148,Oktyabrskiy,RU,2022-07-28 21:53:21,54.4815,53.471,55.85,84,90,4.5
149,Ishigaki,JP,2022-07-28 21:53:21,24.3448,124.1572,82.53,89,8,4.61
150,Imeni Stepana Razina,RU,2022-07-28 21:53:22,54.8932,44.2963,64.89,85,0,7.11
151,Cabedelo,BR,2022-07-28 21:53:22,-6.9811,-34.8339,75.87,82,6,10.25
152,Juegang,CN,2022-07-28 21:53:23,32.3174,121.1855,81.91,93,1,11.83
153,Mahebourg,MU,2022-07-28 21:48:06,-20.4081,57.7,68.29,83,40,6.91
154,Aripuana,BR,2022-07-28 21:53:23,-9.1667,-60.6333,82.36,36,3,0.29
155,Tangshan,CN,2022-07-28 21:50:43,39.6333,118.1833,71.47,91,100,3.8
156,Baghdad,IQ,2022-07-28 21:50:37,33.3406,44.4009,93.11,16,0,8.05
157,Manokwari,ID,2022-07-28 21:53:24,-0.8667,134.0833,78.53,78,100,2.33
158,Makakilo City,US,2022-07-28 21:53:25,21.3469,-158.0858,83.95,52,0,0.0
159,Karachi,PK,2022-07-28 21:48:26,24.9056,67.0822,82.22,83,40,10.36
160,Moree,AU,2022-07-28 21:53:25,-29.4667,149.85,47.01,73,0,6.46
161,Iqaluit,CA,2022-07-28 21:53:26,63.7506,-68.5145,55.13,62,75,5.75
162,Babu,CN,2022-07-28 21:53:26,24.4167,111.5167,78.12,81,100,0.54
163,San Jose De Guanipa,VE,2022-07-28 21:53:27,8.8872,-64.1651,86.07,52,77,4.23
164,Kaniama,CD,2022-07-28 21:53:27,-7.5667,24.1833,69.96,34,84,3.22
165,Nikolskoye,RU,2022-07-28 21:53:28,59.7035,30.7861,60.8,84,98,3.53
166,Pirojpur,BD,2022-07-28 21:53:28,22.5667,89.9833,81.12,85,96,4.88
167,Price,US,2022-07-28 21:53:29,39.5994,-110.8107,83.12,30,50,12.55
168,Margate,GB,2022-07-28 21:53:29,51.3813,1.3862,63.7,74,85,3.0
169,Tuktoyaktuk,CA,2022-07-28 21:53:30,69.4541,-133.0374,44.6,93,100,10.36
170,Inhambane,MZ,2022-07-28 21:53:30,-23.865,35.3833,63.1,75,0,3.18
171,Sola,VU,2022-07-28 21:53:31,-13.8833,167.55,83.07,79,75,3.44
172,Camocim,BR,2022-07-28 21:53:31,-2.9022,-40.8411,78.96,76,40,11.59
173,Hobart,AU,2022-07-28 21:53:32,-42.8794,147.3294,42.66,76,40,11.5
174,Warmbad,NA,2022-07-28 21:53:32,-28.45,18.7333,51.01,62,25,7.72
175,Saint-Philippe,RE,2022-07-28 21:47:53,-21.3585,55.7679,67.59,84,18,9.62
176,Kikwit,CD,2022-07-28 21:53:33,-5.041,18.8162,77.31,39,22,1.28
177,Vengerovo,RU,2022-07-28 21:53:34,55.6848,76.7471,60.46,95,81,11.52
178,Fujin,CN,2022-07-28 21:53:34,47.26,132.0322,72.66,82,99,8.88
179,Victoria,HK,2022-07-28 21:49:17,22.2855,114.1577,87.33,83,93,1.01
180,Loreto,MX,2022-07-28 21:53:35,22.2667,-101.9667,74.75,35,99,8.75
181,Strezhevoy,RU,2022-07-28 21:53:35,60.7333,77.5889,51.75,92,7,7.18
182,Surovatikha,RU,2022-07-28 21:53:36,55.7652,43.8984,63.68,91,5,6.29
183,Bourail,NC,2022-07-28 21:53:36,-21.5667,165.4833,68.59,71,0,6.98
184,Khatanga,RU,2022-07-28 21:46:46,71.9667,102.5,62.8,65,48,5.14
185,Galesong,ID,2022-07-28 21:54:37,-5.3166,119.3661,71.62,78,41,5.53
186,Edd,ER,2022-07-28 21:54:37,13.9297,41.6925,92.28,60,95,5.88
187,Samarai,PG,2022-07-28 21:54:38,-10.6167,150.6667,78.75,85,84,13.98
188,Kavieng,PG,2022-07-28 21:54:38,-2.5744,150.7967,82.31,77,76,17.65
189,Naze,JP,2022-07-28 21:54:39,28.3667,129.4833,79.72,84,30,14.12
190,Pilar Do Sul,BR,2022-07-28 21:54:40,-23.8131,-47.7164,66.88,47,99,4.27
191,Shasta Lake,US,2022-07-28 21:54:40,40.6804,-122.3708,112.75,16,0,6.71
192,Saint George,US,2022-07-28 21:54:40,37.1041,-113.5841,98.64,30,0,12.66
193,Emporia,US,2022-07-28 21:54:41,38.4039,-96.1817,86.52,62,77,7.07
194,Torbay,CA,2022-07-28 21:54:42,47.6666,-52.7314,58.75,90,100,14.97
195,Chuy,UY,2022-07-28 21:54:42,-33.6971,-53.4616,48.06,85,79,15.88
196,Shingu,JP,2022-07-28 21:54:43,33.7333,135.9833,79.41,87,66,4.92
197,Caravelas,BR,2022-07-28 21:54:43,-17.7125,-39.2481,69.3,81,0,6.55
198,Dauriya,RU,2022-07-28 21:54:43,49.9333,116.8667,60.73,63,39,3.58
199,Gizo,SB,2022-07-28 21:54:44,-8.103,156.8419,82.47,72,67,7.94
200,Bubaque,GW,2022-07-28 21:54:44,11.2833,-15.8333,79.88,82,45,13.62
201,Xai-Xai,MZ,2022-07-28 21:54:45,-25.0519,33.6442,59.34,81,0,5.86
202,Maldonado,UY,2022-07-28 21:54:26,-34.6667,-54.9167,49.39,78,98,17.2
203,East London,ZA,2022-07-28 21:54:45,-33.0153,27.9116,70.83,53,26,18.63
204,Pithoragarh,IN,2022-07-28 21:50:03,29.5833,80.2167,62.6,88,99,1.63
205,Namibe,AO,2022-07-28 21:54:46,-15.1961,12.1522,61.11,83,21,7.31
206,Banda Aceh,ID,2022-07-28 21:54:47,5.5577,95.3222,77.5,85,100,14.18
207,Shache,CN,2022-07-28 21:54:47,38.4167,77.2406,84.7,20,95,8.14
208,Cacule,BR,2022-07-28 21:54:48,-14.5033,-42.2222,67.98,57,1,3.89
209,Anadyr,RU,2022-07-28 21:54:48,64.75,177.4833,54.1,81,20,11.18
210,Korla,CN,2022-07-28 21:54:49,41.7597,86.1469,87.01,24,100,19.82
211,Kamsack,CA,2022-07-28 21:54:49,51.5667,-101.9009,72.16,46,16,7.58
212,Chern,RU,2022-07-28 21:54:50,53.4523,36.9145,56.79,92,100,9.44
213,Yiyang,CN,2022-07-28 21:53:46,28.5892,112.3283,76.35,93,6,4.0
214,San Cristobal,VE,2022-07-28 21:54:50,7.7669,-72.225,75.38,77,95,4.54
215,Mahibadhoo,MV,2022-07-28 21:54:51,3.7833,72.9667,82.08,75,58,14.58
216,Sao Filipe,CV,2022-07-28 21:54:51,14.8961,-24.4956,79.52,76,16,11.88
217,Princeton,US,2022-07-28 21:54:52,25.5384,-80.4089,90.0,70,0,12.66
218,Hilo,US,2022-07-28 21:54:52,19.7297,-155.09,88.29,81,10,4.0
219,Tilichiki,RU,2022-07-28 21:46:43,60.4667,166.1,48.13,75,100,7.29
220,Flin Flon,CA,2022-07-28 21:54:53,54.7682,-101.865,76.84,31,20,2.3
221,Poum,NC,2022-07-28 21:54:53,-20.2333,164.0167,71.15,75,20,9.15
222,Hasaki,JP,2022-07-28 21:54:54,35.7333,140.8333,81.28,84,48,12.35
223,Upernavik,GL,2022-07-28 21:47:57,72.7868,-56.1549,43.43,69,100,5.26
224,Bardiyah,LY,2022-07-28 21:54:55,31.7561,25.0865,77.88,80,0,10.04
225,Linjiang,CN,2022-07-28 21:54:55,41.8069,126.9078,68.76,96,93,2.53
226,Saskylakh,RU,2022-07-28 21:48:03,71.9167,114.0833,60.19,91,100,4.61
227,Fort Nelson,CA,2022-07-28 21:54:56,58.8053,-122.7002,76.59,47,75,12.66
228,Souillac,MU,2022-07-28 21:54:56,-20.5167,57.5167,68.38,83,40,6.91
229,Atuona,PF,2022-07-28 21:46:35,-9.8,-139.0333,76.15,80,28,24.23
230,Lahat,ID,2022-07-28 21:54:57,-3.8,103.5333,75.09,85,100,1.81
231,Jaguarao,BR,2022-07-28 21:55:58,-32.5661,-53.3758,51.35,87,85,13.02
232,Monster,NL,2022-07-28 21:55:58,52.0258,4.175,64.98,68,100,8.05
233,Cabras,IT,2022-07-28 21:55:59,39.93,8.5314,73.71,76,0,5.06
234,Bangui,CF,2022-07-28 21:55:59,4.3612,18.555,70.41,97,99,1.52
235,Petropavlovsk-Kamchatskiy,RU,2022-07-28 21:56:00,53.0452,158.6483,59.59,88,75,6.71
236,Isangel,VU,2022-07-28 21:47:59,-19.55,169.2667,75.31,83,75,2.3
237,Khasan,RU,2022-07-28 21:56:00,42.4308,130.6434,71.22,96,100,7.25
238,Eureka,US,2022-07-28 21:54:04,40.8021,-124.1637,71.2,76,68,3.0
239,Praia Da Vitoria,PT,2022-07-28 21:56:01,38.7333,-27.0667,75.45,78,20,4.07
240,Port Blair,IN,2022-07-28 21:56:01,11.6667,92.75,80.64,89,40,1.14
241,Kolosovka,RU,2022-07-28 21:56:02,56.4678,73.611,56.8,90,37,11.72
242,Alekseyevsk,RU,2022-07-28 21:56:02,57.8406,108.3492,57.69,98,100,6.6
243,Orlik,RU,2022-07-28 21:56:03,52.5178,99.825,47.34,91,100,1.86
244,Francisco Beltrao,BR,2022-07-28 21:56:03,-26.0811,-53.055,65.88,76,100,3.65
245,Vao,NC,2022-07-28 21:56:04,-22.6667,167.4833,69.62,62,99,11.74
246,Kaitangata,NZ,2022-07-28 21:56:04,-46.2817,169.8464,43.25,89,100,8.16
247,Kresttsy,RU,2022-07-28 21:56:05,58.2452,32.5165,57.87,75,87,4.09
248,Pisco,PE,2022-07-28 21:56:06,-13.7,-76.2167,64.45,72,40,13.8
249,Pevek,RU,2022-07-28 21:56:06,69.7008,170.3133,40.15,77,97,2.82
250,Valentigney,FR,2022-07-28 21:56:07,47.4639,6.8317,69.08,79,46,2.82
251,Pingdingshan,CN,2022-07-28 21:56:07,33.7385,113.3012,73.6,88,0,2.51
252,Bontoc,PH,2022-07-28 21:56:08,17.0899,120.978,69.46,96,100,0.11
253,Narasannapeta,IN,2022-07-28 21:56:08,18.4167,84.05,80.8,81,23,4.16
254,Kloulklubed,PW,2022-07-28 21:56:09,7.0419,134.2556,82.85,76,82,8.37
255,Green River,US,2022-07-28 21:56:09,41.5286,-109.4662,83.98,27,19,1.99
256,Hun,LY,2022-07-28 21:56:10,29.1268,15.9477,86.09,22,0,6.6
257,Okhotsk,RU,2022-07-28 21:56:10,59.3833,143.3,61.84,80,9,4.27
258,Riohacha,CO,2022-07-28 21:56:11,11.5444,-72.9072,84.31,74,40,12.66
259,Lorengau,PG,2022-07-28 21:56:11,-2.0226,147.2712,81.95,80,53,14.03
260,Kalmunai,LK,2022-07-28 21:56:12,7.4167,81.8167,76.44,92,100,3.04
261,Te Anau,NZ,2022-07-28 21:56:12,-45.4167,167.7167,42.19,88,94,3.0
262,Tahoua,NE,2022-07-28 21:56:13,14.8888,5.2692,80.78,59,100,5.44
263,Batsfjord,NO,2022-07-28 21:56:14,70.6345,29.7185,48.13,81,100,12.66
264,Bowen,AU,2022-07-28 21:56:14,-20.0167,148.2333,57.58,73,62,8.37
265,Egvekinot,RU,2022-07-28 21:56:15,66.3167,-179.1667,42.55,87,100,2.24
266,Palmer,US,2022-07-28 21:56:15,42.1584,-72.3287,87.21,60,85,8.75
267,Pitimbu,BR,2022-07-28 21:56:16,-7.4706,-34.8086,75.79,82,6,9.46
268,Quatre Cocos,MU,2022-07-28 21:56:16,-20.2078,57.7625,68.11,78,7,10.38
269,Fortuna,US,2022-07-28 21:56:16,40.5982,-124.1573,70.93,72,20,16.11
270,Ust-Nera,RU,2022-07-28 21:56:17,64.5667,143.2,65.17,53,80,7.2
271,Makushino,RU,2022-07-28 21:56:17,55.2103,67.2442,61.57,88,87,13.58
272,Petrivka,UA,2022-07-28 21:56:18,46.9695,30.9591,72.21,67,44,8.43
273,Tiarei,PF,2022-07-28 21:56:18,-17.5333,-149.3333,84.22,77,14,24.23
274,Santa Cruz,BO,2022-07-28 21:56:19,-17.8,-63.1667,86.05,51,20,20.71
275,Boa Vista,BR,2022-07-28 21:55:10,2.8197,-60.6733,80.58,74,40,6.91
276,Cairns,AU,2022-07-28 21:55:13,-16.9167,145.7667,66.15,73,5,9.22
277,Ahipara,NZ,2022-07-28 21:57:20,-35.1667,173.1667,58.57,68,83,10.09
278,Prince Rupert,CA,2022-07-28 21:55:08,54.3161,-130.3201,64.49,87,0,18.41
279,Seoul,KR,2022-07-28 21:56:39,37.5683,126.9778,80.17,83,20,4.61
280,Kedrovyy,RU,2022-07-28 21:57:21,56.1667,91.8167,63.01,95,76,1.68
281,Chokurdakh,RU,2022-07-28 21:48:10,70.6333,147.9167,53.47,40,100,14.0
282,Barra Do Garcas,BR,2022-07-28 21:57:21,-15.89,-52.2567,84.78,37,0,4.61
283,Kudahuvadhoo,MV,2022-07-28 21:57:22,2.6708,72.8944,81.97,75,76,12.8
284,Tasiilaq,GL,2022-07-28 21:48:06,65.6145,-37.6368,41.16,95,100,3.87
285,Port Hardy,CA,2022-07-28 21:57:23,50.6996,-127.4199,66.38,77,0,5.75
286,Thompson,CA,2022-07-28 21:57:23,55.7435,-97.8558,75.36,38,40,6.91
287,Muros,ES,2022-07-28 21:57:24,42.7762,-9.0603,67.08,83,0,5.93
288,Akyab,MM,2022-07-28 21:57:24,20.15,92.9,81.45,83,82,6.8
289,Ossora,RU,2022-07-28 21:57:25,59.2353,163.0719,54.1,67,96,4.52
290,Tezu,IN,2022-07-28 21:57:25,27.9167,96.1667,73.85,94,46,3.0
291,Ponazyrevo,RU,2022-07-28 21:57:26,58.3578,46.3142,57.67,92,0,5.21
292,Saint Anthony,US,2022-07-28 21:57:26,45.0205,-93.218,76.93,50,90,3.0
293,Sechura,PE,2022-07-28 21:48:07,-5.5569,-80.8222,73.54,57,8,16.64
294,Nome,US,2022-07-28 21:57:22,64.5011,-165.4064,60.17,69,87,4.16
295,Udimskiy,RU,2022-07-28 21:57:27,61.1417,45.9144,61.09,96,22,5.17
296,North Bend,US,2022-07-28 21:57:27,43.4065,-124.2243,87.24,86,44,1.01
297,Ribeira Grande,PT,2022-07-28 21:57:28,38.5167,-28.7,73.38,77,15,4.88
298,Ocampo,MX,2022-07-28 21:57:28,21.65,-101.5,68.05,48,85,6.29
299,Santa Maria,BR,2022-07-28 21:55:50,-29.6842,-53.8069,61.9,100,100,6.91
300,Ust-Omchug,RU,2022-07-28 21:57:29,61.15,149.6333,52.52,71,100,4.07
301,Ligayan,PH,2022-07-28 21:57:30,4.6533,119.4706,83.01,68,99,3.02
302,Peoria,US,2022-07-28 21:57:30,40.7667,-89.7668,85.41,50,54,7.63
303,Aksu,CN,2022-07-28 21:57:30,41.1231,80.2644,79.7,41,40,3.0
304,Hay River,CA,2022-07-28 21:47:54,60.8156,-115.7999,60.78,94,100,5.75
305,Alofi,NU,2022-07-28 21:57:31,-19.0595,-169.9187,78.69,78,75,17.27
306,Coromandel,BR,2022-07-28 21:57:32,-18.4733,-47.2003,65.93,40,1,4.97
307,Trenggalek,ID,2022-07-28 21:57:32,-8.05,111.7167,71.11,96,100,2.04
308,Laguna,US,2022-07-28 21:57:33,38.421,-121.4238,100.15,35,0,6.91
309,Pulaski,US,2022-07-28 21:56:18,34.7668,-92.3001,83.68,87,97,8.99
310,High Rock,BS,2022-07-28 21:48:08,26.6208,-78.2833,84.25,68,42,14.34
311,Umm Lajj,SA,2022-07-28 21:57:33,25.0213,37.2685,88.97,42,83,7.49
312,La Rioja,ES,2022-07-28 21:57:34,42.25,-2.5,64.18,70,53,4.81
313,Tangi,PK,2022-07-28 21:57:34,34.3006,71.6536,78.64,88,83,2.8
314,Palu,ID,2022-07-28 21:57:35,-0.8917,119.8707,74.32,96,55,3.27
315,Santa Ana,US,2022-07-28 21:56:11,33.7456,-117.8678,98.85,49,40,8.05
316,Chipinge,ZW,2022-07-28 21:57:36,-20.1883,32.6236,47.41,76,0,4.07
317,Alyangula,AU,2022-07-28 21:57:36,-13.8483,136.4192,69.42,79,65,12.93
318,Ixtapa,MX,2022-07-28 21:47:55,20.7,-105.2,80.38,85,81,3.38
319,Codrington,AU,2022-07-28 21:57:37,-38.2667,141.9667,43.72,77,20,0.92
320,Karratha,AU,2022-07-28 21:57:37,-20.7377,116.8463,67.37,60,1,7.83
321,Chhapar,IN,2022-07-28 21:57:38,27.8167,74.4,82.85,72,100,11.74
322,Atar,MR,2022-07-28 21:58:38,20.5169,-13.0499,98.56,20,0,7.02
323,High Level,CA,2022-07-28 21:58:39,58.5169,-117.136,77.11,57,40,12.66
324,Pimentel,PE,2022-07-28 21:58:39,-6.8367,-79.9342,66.49,68,0,19.57
325,Mubende,UG,2022-07-28 21:58:40,0.5606,31.39,65.39,79,92,2.48
326,Soroti,UG,2022-07-28 21:58:40,1.7146,33.6111,64.45,92,98,2.55
327,Kahului,US,2022-07-28 21:58:41,20.8947,-156.47,83.84,68,35,11.99
328,Morros,BR,2022-07-28 21:58:41,-9.4467,-46.3003,77.34,27,4,4.25
329,Barcelos,PT,2022-07-28 21:58:42,41.5388,-8.6151,67.91,88,0,6.29
330,Linxia,CN,2022-07-28 21:58:42,35.6003,103.2064,56.34,72,43,3.56
331,Lima,PE,2022-07-28 21:58:43,-12.0432,-77.0282,59.9,85,100,9.22
332,Mairana,BO,2022-07-28 21:58:43,-18.1167,-63.9333,59.59,80,24,3.76
333,Yerbogachen,RU,2022-07-28 21:58:44,61.2767,108.0108,64.31,92,82,3.53
334,Talcahuano,CL,2022-07-28 21:58:44,-36.7167,-73.1167,58.68,67,0,11.5
335,Labranzagrande,CO,2022-07-28 21:58:45,5.5622,-72.575,68.2,95,94,2.55
336,Evensk,RU,2022-07-28 21:58:45,61.95,159.2333,54.52,55,100,3.87
337,Maralal,KE,2022-07-28 21:58:45,1.0968,36.698,58.46,77,93,5.57
338,Lompoc,US,2022-07-28 21:58:46,34.6391,-120.4579,88.79,69,27,7.0
339,Sanica,BA,2022-07-28 21:58:46,44.6142,16.6411,66.29,69,1,3.8
340,Half Moon Bay,US,2022-07-28 21:58:47,37.4636,-122.4286,79.18,72,75,13.8
341,Tigil,RU,2022-07-28 21:58:47,57.8,158.6667,54.99,67,97,7.18
342,Cidreira,BR,2022-07-28 21:58:48,-30.1811,-50.2056,63.36,97,100,9.42
343,Port Keats,AU,2022-07-28 21:58:48,-14.25,129.55,63.99,47,87,7.67
344,Talaya,RU,2022-07-28 21:58:49,61.3833,152.75,58.32,51,78,5.64
345,Salta,AR,2022-07-28 21:58:49,-24.7859,-65.4117,48.79,92,100,8.05
346,Avera,US,2022-07-28 21:58:50,33.194,-82.5271,94.51,44,100,10.38
347,Tiksi,RU,2022-07-28 21:58:50,71.6872,128.8694,51.17,91,94,3.33
348,Kushiro,JP,2022-07-28 21:58:51,42.975,144.3747,65.8,92,99,2.26
349,Sept-Iles,CA,2022-07-28 21:58:51,50.2001,-66.3821,64.92,84,20,13.8
350,Vite,IN,2022-07-28 21:58:52,17.2833,74.55,77.34,78,99,2.8
351,Carauari,BR,2022-07-28 21:58:52,-4.8828,-66.8958,81.25,68,78,1.97
352,Mayumba,GA,2022-07-28 21:58:53,-3.432,10.6554,69.3,91,64,2.91
353,Atambua,ID,2022-07-28 21:58:53,-9.1061,124.8925,65.1,86,85,5.7
354,San Patricio,US,2022-07-28 21:58:54,28.017,-97.5169,97.52,47,75,18.1
355,Puri,IN,2022-07-28 21:58:54,19.8,85.85,82.92,77,94,10.76
356,Plouzane,FR,2022-07-28 21:58:55,48.3833,-4.6167,62.78,70,0,4.61
357,Salinas,US,2022-07-28 21:54:37,36.6777,-121.6555,95.56,72,20,13.8
358,Polignano A Mare,IT,2022-07-28 21:58:55,40.9959,17.2159,83.68,63,0,3.4
359,Port Hedland,AU,2022-07-28 21:58:56,-20.3167,118.5667,59.05,51,0,8.05
360,Novo Aripuana,BR,2022-07-28 21:58:56,-5.1206,-60.3797,84.2,41,0,1.99
361,Syracuse,IT,2022-07-28 21:54:02,37.0881,15.2792,81.99,75,0,1.61
362,Port Lincoln,AU,2022-07-28 21:58:57,-34.7333,135.8667,52.83,86,99,12.62
363,Wajima,JP,2022-07-28 21:58:58,37.4,136.9,79.07,88,6,7.14
364,Kapoeta,SS,2022-07-28 21:58:58,4.7717,33.5903,73.85,66,76,5.68
365,San Rafael,AR,2022-07-28 21:58:59,-34.6177,-68.3301,56.16,20,0,6.93
366,Dauphin,CA,2022-07-28 21:58:59,51.1494,-100.0502,75.34,43,20,11.5
367,Vila Velha,BR,2022-07-28 21:54:35,-20.3297,-40.2925,75.15,81,0,13.8
368,Sitka,US,2022-07-28 22:00:00,57.0531,-135.33,58.89,94,100,5.75
369,Yar-Sale,RU,2022-07-28 22:00:01,66.8333,70.8333,60.67,66,90,5.39
370,Kokoda,PG,2022-07-28 22:00:01,-8.8785,147.7407,76.69,86,93,1.63
371,Santiago Del Estero,AR,2022-07-28 22:00:02,-27.7951,-64.2615,62.2,40,38,8.14
372,Campbell River,CA,2022-07-28 22:00:03,50.0163,-125.2446,82.45,51,3,5.03
373,Kirakira,SB,2022-07-28 22:00:03,-10.4544,161.9205,81.3,80,73,8.66
374,Juneau,US,2022-07-28 22:00:04,58.3019,-134.4197,60.84,99,100,3.29
375,Faanui,PF,2022-07-28 22:00:05,-16.4833,-151.75,79.45,71,1,23.35
376,Yambio,SS,2022-07-28 22:00:06,4.5721,28.3955,66.7,97,100,2.55
377,Noyabrsk,RU,2022-07-28 22:00:07,63.1994,75.4507,56.8,68,1,6.06
378,Gorontalo,ID,2022-07-28 22:00:07,0.5412,123.0595,74.61,95,89,5.46
379,Kroya,ID,2022-07-28 22:00:08,-7.6331,109.2461,73.72,91,70,1.14
380,Mackenzie,CA,2022-07-28 22:00:09,55.2999,-123.1698,91.0,22,0,7.11
381,Raudeberg,NO,2022-07-28 22:00:10,61.9875,5.1352,54.27,78,51,11.74
382,Voskresenskoye,RU,2022-07-28 22:00:10,56.8381,45.4317,61.02,93,7,5.3
383,Henties Bay,NA,2022-07-28 22:00:11,-22.116,14.2845,53.64,90,18,6.62
384,Iowa City,US,2022-07-28 21:55:58,41.6611,-91.5302,79.86,52,97,5.99
385,Inuvik,CA,2022-07-28 22:00:12,68.3499,-133.7218,54.36,76,100,4.61
386,Sorland,NO,2022-07-28 22:00:13,67.667,12.6934,53.46,79,54,16.22
387,Moba,CN,2022-07-28 22:00:14,33.2288,105.0179,59.38,94,37,1.7
388,Campos Sales,BR,2022-07-28 21:58:56,-7.0744,-40.3761,75.78,40,18,9.01
389,Qitaihe,CN,2022-07-28 22:00:15,45.8,130.85,72.59,82,91,6.69
390,Arkhangelsk,RU,2022-07-28 22:00:16,64.5401,40.5433,59.11,100,40,2.24
391,Hennenman,ZA,2022-07-28 22:00:16,-27.9765,27.0242,52.56,53,28,8.52
392,Labuhan,ID,2022-07-28 22:00:17,-6.8844,112.2051,75.16,87,84,5.88
393,Pedro Ii,BR,2022-07-28 22:00:17,-4.4247,-41.4586,79.11,46,94,3.53
394,Juigalpa,NI,2022-07-28 22:00:18,12.1063,-85.3645,82.96,74,84,11.41
395,Belmonte,BR,2022-07-28 22:00:19,-15.8631,-38.8828,70.84,80,0,6.73
396,Sol-Iletsk,RU,2022-07-28 22:00:19,51.1631,54.9918,66.09,77,5,4.34
397,Nemuro,JP,2022-07-28 22:00:20,43.3236,145.575,60.15,91,59,3.2
398,Kununurra,AU,2022-07-28 22:00:21,-15.7667,128.7333,49.98,93,12,0.0
399,Belaya Gora,RU,2022-07-28 22:00:21,68.5333,146.4167,54.12,45,100,12.39
400,Ulladulla,AU,2022-07-28 22:00:22,-35.35,150.4667,46.17,85,60,5.95
401,Uzventis,LT,2022-07-28 22:00:23,55.7803,22.6547,55.47,93,0,6.69
402,Pedernales,DO,2022-07-28 22:00:23,18.0384,-71.744,86.77,54,63,7.25
403,Kulu,TR,2022-07-28 22:00:24,39.0951,33.0799,74.05,24,0,7.65
404,Elko,US,2022-07-28 21:56:57,41.0002,-115.5012,97.74,14,4,5.99
405,Kuantan,MY,2022-07-28 22:00:24,3.8077,103.326,77.31,93,94,3.53
406,Pozo Colorado,PY,2022-07-28 22:00:25,-23.4923,-58.7972,80.46,40,94,19.82
407,Non Sang,TH,2022-07-28 22:00:25,16.8687,102.5664,79.36,77,100,2.21
408,Ardakan,IR,2022-07-28 22:00:26,32.31,54.0175,90.3,40,99,2.44
409,Bonthe,SL,2022-07-28 22:00:26,7.5264,-12.505,76.57,76,100,10.85
410,Artyom,AZ,2022-07-28 22:00:27,40.4723,50.333,77.14,83,0,22.55
411,Mpulungu,ZM,2022-07-28 22:00:28,-8.7623,31.1141,71.64,49,20,6.4
412,Srednekolymsk,RU,2022-07-28 22:00:28,67.45,153.6833,58.73,44,4,10.31
413,Yenagoa,NG,2022-07-28 22:01:29,4.9247,6.2642,72.75,96,100,3.15
414,Gorom-Gorom,BF,2022-07-28 22:01:29,14.4439,-0.2361,84.99,59,86,20.6
415,Bella Vista,US,2022-07-28 21:58:04,36.4295,-94.2316,92.25,60,99,1.01
416,New Waterford,US,2022-07-28 22:01:30,40.8451,-80.6145,86.58,52,32,4.0
417,Walvis Bay,NA,2022-07-28 22:01:30,-22.9575,14.5053,51.1,87,18,7.99
418,Coahuayana,MX,2022-07-28 22:01:31,18.7333,-103.6833,87.84,63,61,7.2
419,Nabire,ID,2022-07-28 22:01:31,-3.3667,135.4833,75.11,94,72,4.12
420,Dalbandin,PK,2022-07-28 22:01:32,28.8947,64.4101,81.63,67,100,6.69
421,Los Llanos De Aridane,ES,2022-07-28 22:01:32,28.6585,-17.9182,69.55,93,20,20.71
422,Vestmanna,FO,2022-07-28 22:01:33,62.1564,-7.1664,50.92,93,75,14.97
423,Kenai,US,2022-07-28 22:01:33,60.5544,-151.2583,70.03,52,6,7.58
424,Berlevag,NO,2022-07-28 22:01:34,70.8578,29.0864,48.2,87,100,11.5
425,Sampit,ID,2022-07-28 22:01:34,-2.5333,112.95,72.82,99,79,1.97
426,Mount Gambier,AU,2022-07-28 21:59:06,-37.8333,140.7667,39.38,89,9,2.53
427,Toowoomba,AU,2022-07-28 22:01:35,-27.55,151.9667,49.24,70,0,3.69
428,Cervo,ES,2022-07-28 22:01:36,43.6702,-7.4101,63.97,87,21,5.75
429,Tautira,PF,2022-07-28 22:01:12,-17.7333,-149.15,77.31,78,24,24.09
430,Jinsha,CN,2022-07-28 22:01:36,32.0898,121.0735,79.14,92,1,10.13
431,Verkhoyansk,RU,2022-07-28 22:01:37,67.5447,133.385,78.28,44,75,1.28
432,Santa Rosa,PH,2022-07-28 22:01:37,14.3122,121.1114,82.11,90,99,4.92
433,Bauchi,NG,2022-07-28 22:01:38,10.5,10.0,70.95,90,100,3.91
434,Vryburg,ZA,2022-07-28 22:01:38,-26.9566,24.7284,59.74,37,49,13.47
435,Puerto Baquerizo Moreno,EC,2022-07-28 22:01:39,-0.9,-89.6,70.32,85,99,13.73
436,Roald,NO,2022-07-28 22:01:39,62.5833,6.1333,57.76,82,0,12.66
437,Waingapu,ID,2022-07-28 22:01:40,-9.6567,120.2641,72.27,80,74,10.31
438,Shelburne,CA,2022-07-28 22:01:40,44.0787,-80.2041,78.76,52,50,13.42
439,Faya,SA,2022-07-28 22:01:41,18.3851,42.4509,69.8,52,100,3.36
440,Kupang,ID,2022-07-28 22:01:41,-10.1667,123.5833,73.89,71,62,13.78
441,Norman Wells,CA,2022-07-28 22:01:42,65.282,-126.8329,66.81,37,49,5.55
442,Gushikawa,JP,2022-07-28 22:01:42,26.3544,127.8686,81.63,88,8,9.1
443,Okha,RU,2022-07-28 22:01:43,53.5739,142.9478,60.46,81,30,7.54
444,Ebolowa,CM,2022-07-28 22:01:43,2.9,11.15,67.8,99,99,2.57
445,Chapais,CA,2022-07-28 22:01:44,49.7834,-74.8492,64.18,84,100,7.27
446,Tukrah,LY,2022-07-28 22:01:44,32.5341,20.5791,79.29,78,0,4.56
447,Nizwa,OM,2022-07-28 22:01:00,22.9333,57.5333,78.96,74,94,4.85
448,Boyolangu,ID,2022-07-28 22:01:45,-8.1181,111.8935,71.24,94,100,2.73
449,Uray,RU,2022-07-28 22:01:45,60.1247,64.7758,55.8,73,2,3.85
450,Jalu,LY,2022-07-28 22:01:46,29.0331,21.5482,85.64,39,0,14.52
451,Lobez,PL,2022-07-28 22:01:25,53.6392,15.6213,56.91,78,25,6.71
452,Abbotsford,CA,2022-07-28 21:59:46,49.058,-122.2526,95.23,45,0,8.05
453,Qeshm,IR,2022-07-28 22:01:47,26.9581,56.2719,85.87,76,99,18.07
454,Vardo,NO,2022-07-28 22:01:47,70.3705,31.1107,49.98,87,100,11.5
455,New Bedford,US,2022-07-28 22:01:48,41.6362,-70.9342,83.86,79,95,18.01
456,Paka,MY,2022-07-28 22:01:48,4.6374,103.4368,77.76,90,52,5.79
457,Nalut,LY,2022-07-28 22:01:48,30.3333,10.85,91.85,17,72,11.36
458,Takoradi,GH,2022-07-28 22:01:49,4.8845,-1.7554,75.38,79,78,10.96
459,Sakakah,SA,2022-07-28 22:01:49,29.9697,40.2064,92.97,10,78,4.79
460,Imbituba,BR,2022-07-28 22:01:50,-28.24,-48.6703,72.09,88,100,8.05
461,Dunedin,NZ,2022-07-28 22:01:03,-45.8742,170.5036,44.8,76,100,8.01
462,Bitung,ID,2022-07-28 22:02:51,1.4451,125.1824,74.25,85,51,10.56
463,Erenhot,CN,2022-07-28 22:02:51,43.6475,111.9767,77.58,34,100,10.71
464,Coquimbo,CL,2022-07-28 22:02:52,-29.9533,-71.3436,57.45,80,10,5.88
465,Redwater,US,2022-07-28 22:02:52,33.3582,-94.2544,102.43,34,91,5.7
466,Yulara,AU,2022-07-28 22:02:53,-25.2406,130.9889,46.38,38,91,9.24
467,Muroto,JP,2022-07-28 22:02:53,33.2833,134.15,80.6,85,46,12.55
468,Paamiut,GL,2022-07-28 22:02:54,61.994,-49.6678,42.21,91,100,15.88
469,Porto Novo,BJ,2022-07-28 22:02:54,6.4965,2.6036,76.8,77,100,10.07
470,Manggar,ID,2022-07-28 22:02:55,-2.8833,108.2667,80.01,85,94,12.68
471,Nampula,MZ,2022-07-28 22:02:55,-15.1165,39.2666,58.35,87,62,4.5
472,Nanortalik,GL,2022-07-28 22:02:56,60.1432,-45.2371,45.37,82,55,4.59
473,Zhengjiatun,CN,2022-07-28 22:02:56,43.5064,123.5064,71.74,98,100,10.22
474,Polyarnyy,RU,2022-07-28 22:02:57,69.1989,33.4478,50.18,79,100,11.5
475,Mailani,IN,2022-07-28 22:02:57,28.2833,80.35,80.24,83,100,5.03
476,Havoysund,NO,2022-07-28 22:02:58,70.9963,24.6622,48.43,84,78,12.53
477,Zhangzhou,CN,2022-07-28 22:02:58,24.5133,117.6556,76.33,91,94,2.24
478,Balkhash,KZ,2022-07-28 22:02:59,46.844,74.9804,77.45,44,82,4.5
479,Tocopilla,CL,2022-07-28 22:02:59,-22.092,-70.1979,63.46,72,37,10.96
480,Ereymentau,KZ,2022-07-28 22:01:23,51.6199,73.1033,61.79,86,37,1.59
481,Otane,NZ,2022-07-28 22:03:00,-39.8833,176.6333,60.01,68,38,11.16
482,Troy,US,2022-07-28 22:01:31,42.6056,-83.1499,83.59,46,75,11.5
483,Whithorn,JM,2022-07-28 22:03:00,18.2604,-78.0378,78.44,77,64,2.91
484,La Ronge,CA,2022-07-28 22:03:01,55.1001,-105.2842,70.57,40,54,8.08
485,Sao Joao Da Barra,BR,2022-07-28 22:03:01,-21.6403,-41.0511,72.28,83,41,19.91
486,Itarema,BR,2022-07-28 22:03:02,-2.9248,-39.9167,78.91,73,55,15.95
487,Santiago,CL,2022-07-28 22:02:48,-33.4569,-70.6483,60.26,49,0,1.79
488,Marang,MY,2022-07-28 22:03:03,5.2056,103.2059,77.92,89,43,5.39
489,Champasak,LA,2022-07-28 22:03:03,14.75,106.0,72.64,99,42,2.08
490,Tomohon,ID,2022-07-28 22:03:03,1.3346,124.8392,65.34,92,77,2.95
491,Sydney,AU,2022-07-28 21:59:26,-33.8679,151.2073,51.31,71,20,17.27
492,Biak,ID,2022-07-28 22:03:04,-0.9131,122.8766,73.99,93,98,4.56
493,Maceio,BR,2022-07-28 22:00:18,-9.6658,-35.7353,74.64,94,75,3.44
494,Najran,SA,2022-07-28 22:03:05,17.4924,44.1277,82.2,42,28,5.57
495,Xining,CN,2022-07-28 22:00:12,36.6167,101.7667,54.91,64,99,3.31
496,Fiumicino,IT,2022-07-28 22:03:06,41.7675,12.2291,78.35,78,0,4.61
497,Merrill,US,2022-07-28 22:03:07,45.1805,-89.6835,72.59,56,75,10.36
498,Zhezkazgan,KZ,2022-07-28 22:03:07,47.8043,67.7144,66.63,68,10,12.15
499,Miyako,JP,2022-07-28 22:03:07,39.6367,141.9525,75.52,86,8,0.81
500,Husavik,IS,2022-07-28 22:03:08,66.0449,-17.3389,51.21,80,32,3.71
501,Zeya,RU,2022-07-28 22:03:08,53.75,127.2667,67.1,99,100,3.36
502,Tagusao,PH,2022-07-28 22:03:09,9.1924,117.8141,80.49,83,100,5.55
503,Rundu,NA,2022-07-28 22:03:09,-17.9333,19.7667,58.03,32,13,6.06
504,Awbari,LY,2022-07-28 22:00:24,26.5921,12.7805,86.18,12,0,6.93
505,Jatai,BR,2022-07-28 22:02:24,-17.8814,-51.7144,73.89,25,3,3.76
506,Lagoa,PT,2022-07-28 22:03:10,39.05,-27.9833,72.21,75,2,3.51
507,Santo Antonio Do Ica,BR,2022-07-28 22:03:11,-3.1022,-67.9397,78.53,89,39,2.24
508,Bundaberg,AU,2022-07-28 22:03:11,-24.85,152.35,56.21,84,6,3.0
509,Ouadda,CF,2022-07-28 22:04:12,8.0777,22.4007,65.32,99,100,3.04
510,Moussoro,TD,2022-07-28 22:04:12,13.6408,16.4901,85.96,53,71,6.55
511,Sanmenxia,CN,2022-07-28 22:00:28,34.7747,111.1814,71.64,93,22,6.58
512,Hokitika,NZ,2022-07-28 22:04:13,-42.7167,170.9667,50.43,75,100,13.49
513,Ahome,MX,2022-07-28 22:04:14,25.9167,-109.1833,82.35,58,97,9.13
514,Tondano,ID,2022-07-28 22:04:14,1.3038,124.9112,66.29,93,79,2.84
515,Beaufort,MY,2022-07-28 22:04:15,5.3473,115.7455,73.27,95,82,2.48
516,Dukat,RU,2022-07-28 22:04:15,62.55,155.55,47.91,71,100,6.73
517,Puerto Ayacucho,VE,2022-07-28 22:04:16,5.6639,-67.6236,77.32,90,77,6.08
518,Mantua,IT,2022-07-28 22:04:16,45.1667,10.7833,76.08,77,59,4.97
519,Jumla,NP,2022-07-28 22:04:17,29.2747,82.1838,62.83,98,100,0.6
520,Kisangani,CD,2022-07-28 22:04:17,0.5167,25.2,69.19,99,95,1.79
521,Baoning,CN,2022-07-28 22:04:18,25.3378,110.026,76.73,86,100,0.72
522,Enshi,CN,2022-07-28 22:01:45,30.3,109.4833,71.24,97,5,0.98
523,Swift Current,CA,2022-07-28 22:01:22,50.2834,-107.8014,80.89,29,0,6.53
524,Aitape,PG,2022-07-28 22:04:19,-3.1374,142.3475,78.44,86,63,6.15
525,Conceicao Do Mato Dentro,BR,2022-07-28 22:04:19,-19.0372,-43.425,63.37,46,0,0.76
526,Ayan,RU,2022-07-28 22:04:20,56.45,138.1667,58.96,89,61,4.18
527,Gasa,PS,2022-07-28 22:04:20,31.5,34.4667,80.06,74,0,6.73
528,Sarai Naurang,PK,2022-07-28 22:01:19,32.8259,70.7814,89.55,62,72,8.03
529,Baiyin,CN,2022-07-28 22:04:21,36.5583,104.2081,66.96,57,87,6.22
530,Portland,US,2022-07-28 22:04:22,45.5234,-122.6762,100.45,43,20,6.91
531,Porkhov,RU,2022-07-28 22:04:22,57.765,29.5561,52.57,97,11,4.52
532,Victor Harbor,AU,2022-07-28 22:04:23,-35.5667,138.6167,43.68,91,100,8.57
533,Taikang,CN,2022-07-28 22:04:23,46.8333,124.4167,67.8,99,100,3.0
534,Mastic Beach,US,2022-07-28 22:04:24,40.7668,-72.8521,85.98,88,75,15.01
535,Jieshi,CN,2022-07-28 22:04:24,22.8134,115.8257,83.71,78,100,1.97
536,Praya,CV,2022-07-28 22:04:25,14.9215,-23.5087,80.22,74,2,12.95
537,Chillicothe,US,2022-07-28 22:04:25,39.3331,-82.9824,87.26,47,0,5.75
538,Santo Angelo,BR,2022-07-28 22:04:26,-28.2992,-54.2631,62.29,92,100,14.72
539,Creston,US,2022-07-28 22:04:26,41.0586,-94.3614,80.71,36,0,12.66
540,Radaseni,RO,2022-07-28 22:04:27,47.4667,26.25,74.21,77,100,3.94
541,Humberto De Campos,BR,2022-07-28 22:04:27,-2.5983,-43.4611,75.7,88,54,4.59
542,Caraquet,CA,2022-07-28 22:04:28,47.7941,-64.9386,65.07,78,50,8.75
543,Iracoubo,GF,2022-07-28 22:04:28,5.4802,-53.2011,78.08,87,81,7.0
544,Mopipi,BW,2022-07-28 22:04:29,-21.1833,24.8833,58.19,36,0,11.52
545,Leninsk,RU,2022-07-28 22:04:29,48.7119,45.1994,80.01,44,65,4.5
546,Rupert,US,2022-07-28 22:04:30,42.6191,-113.6772,93.15,20,0,4.61
547,Pandan,PH,2022-07-28 22:04:30,14.0453,124.1694,81.46,81,95,8.72
548,Pontes E Lacerda,BR,2022-07-28 22:03:32,-15.2261,-59.3353,81.63,27,6,3.47
549,Kargasok,RU,2022-07-28 22:04:31,59.0556,80.8572,60.66,72,94,10.67
550,Nova Vicosa,BR,2022-07-28 22:04:31,-17.8919,-39.3719,70.93,78,3,10.16
551,Port Hawkesbury,CA,2022-07-28 22:04:32,45.6169,-61.3485,75.9,77,4,8.99
552,Parkes,AU,2022-07-28 22:04:32,-33.1333,148.1833,40.51,95,43,3.29
553,Alice Springs,AU,2022-07-28 22:01:22,-23.7,133.8833,31.55,59,21,0.0
554,Ntoum,GA,2022-07-28 22:05:33,0.3833,9.7833,72.82,85,77,3.76
555,Rocha,UY,2022-07-28 22:05:34,-34.4833,-54.3333,47.73,80,96,14.41
556,Gornyy,RU,2022-07-28 22:05:34,55.1153,83.9059,55.45,88,10,7.61
557,Morwell,AU,2022-07-28 22:05:35,-38.2333,146.4,44.4,98,62,2.39
558,Khani,GE,2022-07-28 22:05:35,41.9563,42.9566,56.77,95,4,2.13
559,Halvad,IN,2022-07-28 22:05:36,23.0167,71.1833,80.67,80,91,13.02
560,Dicabisagan,PH,2022-07-28 22:05:36,17.0818,122.4157,79.03,90,100,4.63
561,Sabang,ID,2022-07-28 22:05:37,5.8933,95.3214,80.6,79,100,21.18
562,Ancud,CL,2022-07-28 22:03:08,-41.8697,-73.8203,47.23,79,100,4.88
563,Kargil,IN,2022-07-28 22:05:37,34.5667,76.1,55.8,76,94,1.16
564,Georgiyevskoye,RU,2022-07-28 22:05:38,58.731,45.024,59.2,82,9,5.3
565,Requena,ES,2022-07-28 22:05:38,39.4883,-1.1004,71.8,91,7,5.26
566,Ballina,AU,2022-07-28 22:02:02,-28.8667,153.5667,53.02,91,1,5.95
567,Luziania,BR,2022-07-28 22:05:39,-16.2525,-47.9503,76.69,32,1,4.59
568,Bilma,NE,2022-07-28 22:05:40,18.6853,12.9164,87.13,48,100,22.75
569,Morondava,MG,2022-07-28 22:05:40,-20.2833,44.2833,68.86,78,0,6.64
570,Gaspe,CA,2022-07-28 22:05:40,48.8334,-64.4819,67.32,72,95,6.73
571,Sinnamary,GF,2022-07-28 22:05:41,5.3833,-52.95,78.31,86,81,7.65
572,Moengo,SR,2022-07-28 22:05:41,5.6167,-54.4,75.0,97,95,2.86
573,Buraydah,SA,2022-07-28 22:05:42,26.326,43.975,92.19,16,98,4.74
574,Otradnoye,RU,2022-07-28 22:05:42,59.7775,30.8181,59.97,86,91,3.62
575,Kharp,RU,2022-07-28 22:05:43,66.8014,65.8081,59.83,66,94,2.73
576,Salinopolis,BR,2022-07-28 22:05:43,-0.6136,-47.3561,79.23,80,68,10.04
577,College,US,2022-07-28 22:05:44,64.8569,-147.8028,63.21,56,75,11.5
578,Hobyo,SO,2022-07-28 22:05:44,5.3505,48.5268,75.45,88,72,23.02
579,Komsomolskiy,UZ,2022-07-28 22:05:45,40.4272,71.7189,86.72,21,84,11.5
580,Hamilton,US,2022-07-28 22:02:34,39.1834,-84.5333,90.14,50,20,9.22
581,Mizdah,LY,2022-07-28 22:05:45,31.4451,12.9801,80.44,38,6,7.63
582,Culasi,PH,2022-07-28 22:05:46,11.4272,122.056,76.21,83,94,10.49
583,Jonava,LT,2022-07-28 22:05:46,55.0833,24.2833,57.25,99,0,2.3
584,Lingao,CN,2022-07-28 22:05:47,19.9103,109.6859,79.74,83,53,4.03
585,Zaysan,KZ,2022-07-28 22:05:47,47.4667,84.8667,74.41,44,69,13.09
586,Mount Isa,AU,2022-07-28 22:05:48,-20.7333,139.5,55.17,35,1,8.05
587,Riyadh,SA,2022-07-28 22:01:30,24.6877,46.7219,88.03,36,100,7.34
588,Williams Lake,CA,2022-07-28 22:03:05,52.1415,-122.1445,98.06,29,4,3.0
